,Close,Returns,ATR,StopLoss
2020-01-01,1536.699951171875,,48.5499267578125,97.099853515625
2020-01-02,1524.9000244140625,-0.007678744799083259,40.25,80.5
2020-01-03,1523.9000244140625,-0.0006557806964323509,36.199951171875,72.39990234375
2020-01-06,1459.449951171875,-0.04229284874968653,70.949951171875,141.89990234375
2020-01-07,1480.949951171875,0.01473157745679221,48.0,96.0
2020-01-08,1474.199951171875,-0.0045578852915716395,34.8499755859375,69.699951171875
2020-01-09,1476.1500244140625,0.0013228010492316589,38.800048828125,77.60009765625
2020-01-10,1447.699951171875,-0.019273158399655488,57.0,114.0
2020-01-13,1437.1500244140625,-0.007287371080777261,42.5499267578125,85.099853515625
2020-01-14,1444.8499755859375,0.005357792186667654,39.949951171875,79.89990234375
2020-01-15,1536.4000244140625,0.06336301372119846,132.2999267578125,264.599853515625
2020-01-16,1546.800048828125,0.006769086337413244,43.0,86.0
2020-01-17,1627.4000244140625,0.05210755950454038,104.5,209.0
2020-01-20,1586.199951171875,-0.025316500322052904,74.300048828125,148.60009765625
2020-01-21,1611.25,0.01579249123644111,57.0,114.0
2020-01-22,1607.949951171875,-0.002048129606283977,42.199951171875,84.39990234375
2020-01-23,1686.5999755859375,0.04891322914419205,104.300048828125,208.60009765625
2020-01-24,1675.4000244140625,-0.006640549824497688,62.75,125.5
2020-01-27,1696.6500244140625,0.012683538074694578,57.75,115.5
2020-01-28,1679.5,-0.010108168548186747,50.8499755859375,101.699951171875
2020-01-29,1702.300048828125,0.013575497962563299,40.949951171875,81.89990234375
2020-01-30,1578.0999755859375,-0.07296015372124776,150.300048828125,300.60009765625
2020-01-31,1545.25,-0.020816156196783786,87.0,174.0
2020-02-03,1338.4000244140625,-0.13386181885516102,164.4000244140625,328.800048828125
2020-02-04,1419.4000244140625,0.06052002280518565,93.550048828125,187.10009765625
2020-02-05,1459.0,0.027899094620830844,61.9000244140625,123.800048828125
2020-02-06,1570.25,0.07625085675119947,167.4000244140625,334.800048828125
2020-02-07,1600.550048828125,0.019296321495382962,72.3499755859375,144.699951171875
2020-02-10,1549.0,-0.03220770813500551,81.550048828125,163.10009765625
2020-02-11,1561.6500244140625,0.008166574831544482,64.6500244140625,129.300048828125
2020-02-12,1528.4000244140625,-0.0212915822880837,97.699951171875,195.39990234375
2020-02-13,1531.800048828125,0.0022245644855742874,40.85009765625,81.7001953125
2020-02-14,1530.6500244140625,-0.0007507666649718692,26.199951171875,52.39990234375
2020-02-17,1531.6500244140625,0.0006533172077547444,25.550048828125,51.10009765625
2020-02-18,1522.0999755859375,-0.006235137711552818,60.64990234375,121.2998046875
2020-02-19,1573.0999755859375,0.03350634046253598,48.5499267578125,97.099853515625
2020-02-20,1600.0999755859375,0.01716356265910135,80.1500244140625,160.300048828125
2020-02-24,1567.949951171875,-0.020092509783514956,51.1500244140625,102.300048828125
2020-02-25,1493.300048828125,-0.04760987574122322,104.949951171875,209.89990234375
2020-02-26,1429.3499755859375,-0.04282466426782261,80.5,161.0
2020-02-27,1396.0,-0.023332267223264425,64.8499755859375,129.699951171875
2020-02-28,1306.550048828125,-0.06407589625492482,94.7999267578125,189.599853515625
2020-03-02,1356.800048828125,0.03846006515025602,102.949951171875,205.89990234375
2020-03-03,1447.0,0.06647991445001877,82.0,164.0
2020-03-04,1424.3499755859375,-0.015653092200457852,102.75,205.5
2020-03-05,1428.25,0.00273810824650611,54.7999267578125,109.599853515625
2020-03-06,1302.4000244140625,-0.08811480874212319,75.949951171875,151.89990234375
2020-03-09,1212.699951171875,-0.0688729050681205,125.9000244140625,251.800048828125
2020-03-11,1227.050048828125,0.011833180699300838,66.550048828125,133.10009765625
2020-03-12,1037.550048828125,-0.1544354284334034,130.95001220703125,261.9000244140625
2020-03-13,1027.5999755859375,-0.009589969422126421,211.9000244140625,423.800048828125
2020-03-16,879.75,-0.14387892088225618,115.0,230.0
2020-03-17,877.2000122070312,-0.0028985368490693775,88.0,176.0
2020-03-18,825.5499877929688,-0.05888055596820074,112.60003662109375,225.2000732421875
2020-03-19,777.2000122070312,-0.0585669872216904,107.95001220703125,215.9000244140625
2020-03-20,684.7999877929688,-0.11888834658104575,154.25,308.5
2020-03-23,644.2999877929688,-0.05914135619442229,62.550048828125,125.10009765625
2020-03-24,623.3499755859375,-0.03251592830041006,134.050048828125,268.10009765625
2020-03-25,681.8499755859375,0.09384776175696663,71.95001220703125,143.9000244140625
2020-03-26,818.1500244140625,0.19989741689291352,335.95001220703125,671.9000244140625
2020-03-27,849.0499877929688,0.03776808953961219,181.6500244140625,363.300048828125
2020-03-30,854.7000122070312,0.0066545250518750265,76.54998779296875,153.0999755859375
2020-03-31,939.5,0.09921608351683031,113.95001220703125,227.9000244140625
2020-04-01,936.5,-0.0031931878658860713,39.79998779296875,79.5999755859375
2020-04-03,912.0999755859375,-0.026054484158101965,64.75,129.5
2020-04-07,912.0499877929688,-5.480516862932383e-05,102.4000244140625,204.800048828125
2020-04-08,935.0499877929688,0.02521791602196788,84.95001220703125,169.9000244140625
2020-04-09,958.4000244140625,0.024971966125797884,34.0,68.0
2020-04-13,919.4000244140625,-0.04069282033234867,58.54998779296875,117.0999755859375
2020-04-15,932.5,0.014248395951790505,79.70001220703125,159.4000244140625
2020-04-16,895.4500122070312,-0.03973189039460456,53.699951171875,107.39990234375
2020-04-17,892.6500244140625,-0.0031269057510732168,86.75,173.5
2020-04-20,876.8499755859375,-0.01770016064077984,47.54998779296875,95.0999755859375
2020-04-21,829.7000122070312,-0.053771984594513156,44.8499755859375,89.699951171875
2020-04-22,839.8499755859375,0.012233293033113268,39.1500244140625,78.300048828125
2020-04-23,854.0499877929688,0.016907796177673573,39.0999755859375,78.199951171875
2020-04-24,864.4500122070312,0.012177301753657499,69.35003662109375,138.7000732421875
2020-04-27,912.25,0.05529525954997716,62.5999755859375,125.199951171875
2020-04-28,933.9500122070312,0.02378735237822016,49.5,99.0
2020-04-29,954.5999755859375,0.02211035184860477,35.1500244140625,70.300048828125
2020-04-30,988.75,0.03577417272936878,36.9000244140625,73.800048828125
2020-05-04,904.6500244140625,-0.08505686532079648,48.0,96.0
2020-05-05,910.7000122070312,0.006687655590223773,52.300048828125,104.60009765625
2020-05-06,918.7999877929688,0.008894230237581402,82.70001220703125,165.4000244140625
2020-05-07,912.9500122070312,-0.006366973948257915,46.95001220703125,93.9000244140625
2020-05-08,885.7999877929688,-0.029738785312492744,52.0,104.0
2020-05-11,931.5999755859375,0.05170466067298385,47.0,94.0
2020-05-12,897.9500122070312,-0.03612061427732627,111.29998779296875,222.5999755859375
2020-05-13,887.0499877929688,-0.012138787533697792,74.5999755859375,149.199951171875
2020-05-14,874.4000244140625,-0.014260710842666335,42.3499755859375,84.699951171875
2020-05-15,888.5,0.016125314721241013,40.95001220703125,81.9000244140625
2020-05-18,872.5999755859375,-0.0178953566843697,57.75,115.5
2020-05-19,880.0999755859375,0.008595003678476987,27.79998779296875,55.5999755859375
2020-05-20,914.0499877929688,0.0385751768535485,46.4000244140625,92.800048828125
2020-05-21,933.0999755859375,0.02084129757385167,44.5,89.0
2020-05-22,953.2999877929688,0.021648282858808043,48.29998779296875,96.5999755859375
2020-05-26,906.25,-0.04935486037495551,62.35003662109375,124.7000732421875
2020-05-27,957.5,0.05655172413793097,52.70001220703125,105.4000244140625
2020-05-28,957.7999877929688,0.00031330317803535124,36.45001220703125,72.9000244140625
2020-05-29,967.7000122070312,0.010336212716889781,52.79998779296875,105.5999755859375
2020-06-01,1111.449951171875,0.14854803880491185,165.5999755859375,331.199951171875
2020-06-02,1179.0,0.06077650978067206,90.9000244140625,181.800048828125
2020-06-03,1127.699951171875,-0.04351149179654368,84.4000244140625,168.800048828125
2020-06-04,1081.550048828125,-0.04092391978539356,78.949951171875,157.89990234375
2020-06-05,1127.0999755859375,0.04211541278849418,54.3499755859375,108.699951171875
2020-06-08,1085.25,-0.03713066852315494,93.449951171875,186.89990234375
2020-06-09,1063.550048828125,-0.019995347774130368,54.75,109.5
2020-06-10,1044.300048828125,-0.01809975940597308,50.949951171875,101.89990234375
2020-06-11,1026.050048828125,-0.01747582030708461,58.1500244140625,116.300048828125
2020-06-12,1064.4000244140625,0.037376320609056046,81.949951171875,163.89990234375
2020-06-15,1036.050048828125,-0.026634700240206977,53.449951171875,106.89990234375
2020-06-16,1043.25,0.006949424093960488,54.79998779296875,109.5999755859375
2020-06-17,1051.300048828125,0.00771631807153117,40.75,81.5
2020-06-18,1039.8499755859375,-0.010891346628349119,29.89996337890625,59.7999267578125
2020-06-19,1163.0,0.11843056912577188,144.949951171875,289.89990234375
2020-06-22,1207.949951171875,0.03865000100763116,69.0,138.0
2020-06-23,1267.5,0.04929844052756782,108.5999755859375,217.199951171875
2020-06-24,1240.4000244140625,-0.02138065134985212,70.0,140.0
2020-06-25,1342.449951171875,0.08227178712449534,162.0,324.0
2020-06-26,1343.0999755859375,0.00048420755909384106,53.1500244140625,106.300048828125
2020-06-29,1387.0,0.032685596911660175,96.699951171875,193.39990234375
2020-06-30,1363.800048828125,-0.01672671317366614,45.9000244140625,91.800048828125
2020-07-01,1377.949951171875,0.010375349638613418,35.8499755859375,71.699951171875
2020-07-02,1390.050048828125,0.008781231601307171,49.89990234375,99.7998046875
2020-07-03,1411.050048828125,0.015107369707805907,43.2000732421875,86.400146484375
2020-07-06,1413.25,0.0015590879811115954,26.9000244140625,53.800048828125
2020-07-07,1417.75,0.003184150008844755,40.5,81.0
2020-07-08,1433.6500244140625,0.011214970491315368,54.89990234375,109.7998046875
2020-07-09,1446.4000244140625,0.00889338386836136,27.550048828125,55.10009765625
2020-07-10,1448.8499755859375,0.0016938268324957484,34.8499755859375,69.699951171875
2020-07-13,1431.3499755859375,-0.012078545256504425,61.9000244140625,123.800048828125
2020-07-14,1390.199951171875,-0.02874910058053226,70.0499267578125,140.099853515625
2020-07-15,1390.199951171875,0.0,62.75,125.5
2020-07-16,1372.949951171875,-0.012408287013288333,45.60009765625,91.2001953125
2020-07-17,1377.949951171875,0.0036417933484991227,41.0,82.0
2020-07-20,1406.3499755859375,0.020610345382943596,44.6500244140625,89.300048828125
2020-07-21,1558.4000244140625,0.108116792738433,178.0,356.0
2020-07-22,1490.25,-0.04373076446766999,76.449951171875,152.89990234375
2020-07-23,1498.699951171875,0.005670156800452908,39.8499755859375,79.699951171875
2020-07-24,1492.0,-0.004470508700981868,55.1500244140625,110.300048828125
2020-07-27,1454.4000244140625,-0.02520105602274636,46.5999755859375,93.199951171875
2020-07-28,1469.1500244140625,0.010141638993675262,44.9000244140625,89.800048828125
2020-07-29,1423.550048828125,-0.03103833837808634,65.8499755859375,131.699951171875
2020-07-30,1370.1500244140625,-0.03751187003085821,87.0,174.0
2020-07-31,1473.4000244140625,0.07535671142592903,191.949951171875,383.89990234375
2020-08-03,1460.75,-0.008585600790317005,68.9000244140625,137.800048828125
2020-08-04,1466.0999755859375,0.0036624854259370565,47.800048828125,95.60009765625
2020-08-05,1432.8499755859375,-0.02267921734785605,97.5,195.0
2020-08-06,1463.949951171875,0.021704976875349224,43.8499755859375,87.699951171875
2020-08-07,1464.199951171875,0.00017077086535643993,65.0,130.0
2020-08-10,1473.949951171875,0.006658926598239967,44.75,89.5
2020-08-11,1473.75,-0.00013565669018544835,44.5999755859375,89.199951171875
2020-08-12,1462.3499755859375,-0.007735385522688709,35.300048828125,70.60009765625
2020-08-13,1467.3499755859375,0.003419154158358362,27.6500244140625,55.300048828125
2020-08-14,1432.0999755859375,-0.024022898822023797,67.949951171875,135.89990234375
2020-08-17,1446.449951171875,0.010020233105629606,39.89990234375,79.7998046875
2020-08-18,1434.5,-0.008261572522570537,39.9000244140625,79.800048828125
2020-08-19,1436.300048828125,0.0012548266490937099,83.0,166.0
2020-08-20,1425.0,-0.007867470893247352,33.699951171875,67.39990234375
2020-08-21,1423.5999755859375,-0.000982473273026363,35.0999755859375,70.199951171875
2020-08-24,1416.75,-0.004811727805149824,34.0,68.0
2020-08-25,1416.5999755859375,-0.00010589335737598571,40.0,80.0
2020-08-26,1433.0,0.011577032822748023,50.0,100.0
2020-08-27,1521.5999755859375,0.06182831513324327,95.449951171875,190.89990234375
2020-08-28,1511.199951171875,-0.006834926775059702,61.0,122.0
2020-08-31,1367.300048828125,-0.09522227831741348,169.9000244140625,339.800048828125
2020-09-01,1355.9000244140625,-0.008337617206869208,103.5499267578125,207.099853515625
2020-09-02,1354.5999755859375,-0.000958808765186614,56.2000732421875,112.400146484375
2020-09-03,1349.699951171875,-0.0036173220894551994,37.949951171875,75.89990234375
2020-09-04,1292.4000244140625,-0.04245382591001945,59.0499267578125,118.099853515625
2020-09-07,1268.449951171875,-0.018531470744165168,62.0499267578125,124.099853515625
2020-09-08,1301.4000244140625,0.025976644338033372,85.199951171875,170.39990234375
2020-09-09,1295.8499755859375,-0.004264675521751138,46.3499755859375,92.699951171875
2020-09-10,1314.5,0.014392116962173462,49.9000244140625,99.800048828125
2020-09-11,1333.4000244140625,0.014378109101607084,45.449951171875,90.89990234375
2020-09-14,1322.800048828125,-0.007949584064688708,35.0,70.0
2020-09-15,1347.449951171875,0.018634639729252722,41.2999267578125,82.599853515625
2020-09-16,1360.5,0.009684997069297818,44.3499755859375,88.699951171875
2020-09-17,1377.199951171875,0.012274863044376971,47.9000244140625,95.800048828125
2020-09-18,1351.9000244140625,-0.018370554498120972,64.4000244140625,128.800048828125
2020-09-21,1274.300048828125,-0.05740067622202372,94.949951171875,189.89990234375
2020-09-22,1245.8499755859375,-0.022326039513496654,89.0,178.0
2020-09-23,1237.5,-0.006702232009925924,61.25,122.5
2020-09-24,1193.75,-0.03535353535353536,60.0499267578125,120.099853515625
2020-09-25,1246.3499755859375,0.044062806773560226,70.5999755859375,141.199951171875
2020-09-28,1283.300048828125,0.02964662732457346,51.6500244140625,103.300048828125
2020-09-29,1252.5,-0.024000660528495144,74.449951171875,148.89990234375
2020-09-30,1253.5,0.0007984031936127955,34.5,69.0
2020-10-01,1297.199951171875,0.034862346367670494,59.9000244140625,119.800048828125
2020-10-05,1320.5,0.017961802116224224,36.949951171875,73.89990234375
2020-10-06,1349.550048828125,0.021999279688091677,39.0,78.0
2020-10-07,1319.4000244140625,-0.022340797542294233,54.89990234375,109.7998046875
2020-10-08,1317.800048828125,-0.0012126539005090642,36.0,72.0
2020-10-09,1319.800048828125,0.0015176809272230418,44.449951171875,88.89990234375
2020-10-12,1314.4000244140625,-0.004091547366479653,44.949951171875,89.89990234375
2020-10-13,1277.9000244140625,-0.027769323890777575,46.6500244140625,93.300048828125
2020-10-14,1299.6500244140625,0.017020110794639498,53.5999755859375,107.199951171875
2020-10-15,1251.449951171875,-0.03708696367233033,68.0,136.0
2020-10-16,1291.3499755859375,0.031883036454394054,36.949951171875,73.89990234375
2020-10-19,1324.0999755859375,0.025361056738425924,30.800048828125,61.60009765625
2020-10-20,1318.0,-0.004606884448614346,43.4500732421875,86.900146484375
2020-10-21,1316.75,-0.0009484066767829757,46.3499755859375,92.699951171875
2020-10-22,1320.699951171875,0.002999773056293842,29.5,59.0
2020-10-23,1327.1500244140625,0.0048838293939998945,22.6500244140625,45.300048828125
2020-10-26,1300.75,-0.01989226834073876,43.699951171875,87.39990234375
2020-10-27,1298.800048828125,-0.0014990975759177072,33.800048828125,67.60009765625
2020-10-28,1283.949951171875,-0.011433705803790883,43.949951171875,87.89990234375
2020-10-29,1215.3499755859375,-0.05342885485787474,87.0999755859375,174.199951171875
2020-10-30,1262.25,0.038589727532146734,53.8499755859375,107.699951171875
2020-11-02,1296.800048828125,0.027371795466924143,51.449951171875,102.89990234375
2020-11-03,1299.550048828125,0.0021206044852366546,37.449951171875,74.89990234375
2020-11-04,1303.0,0.0026547274381514274,26.300048828125,52.60009765625
2020-11-05,1335.050048828125,0.02459712112672685,39.4000244140625,78.800048828125
2020-11-06,1346.25,0.008389162025578045,49.449951171875,98.89990234375
2020-11-09,1382.449951171875,0.02688947162256272,53.449951171875,106.89990234375
2020-11-10,1381.75,-0.0005063121245595381,66.75,133.5
2020-11-11,1395.4000244140625,0.009878794582277806,33.25,66.5
2020-11-12,1403.550048828125,0.00584063657121181,36.89990234375,73.7998046875
2020-11-13,1469.699951171875,0.04713041932418505,89.0,178.0
2020-11-14,1455.5,-0.009661802846596346,35.0499267578125,70.099853515625
2020-11-17,1411.0,-0.030573686018550372,84.9000244140625,169.800048828125
2020-11-18,1436.300048828125,0.01793058031759398,43.0999755859375,86.199951171875
2020-11-19,1393.050048828125,-0.03011209255008218,66.949951171875,133.89990234375
2020-11-20,1395.449951171875,0.0017227682133666988,46.300048828125,92.60009765625
2020-11-23,1392.9000244140625,-0.0018273150933655335,58.8499755859375,117.699951171875
2020-11-24,1425.449951171875,0.023368458745992804,52.949951171875,105.89990234375
2020-11-25,1388.550048828125,-0.02588649451593461,66.75,133.5
2020-11-26,1423.75,0.025350149388984722,52.0,104.0
2020-11-27,1388.0999755859375,-0.025039525488366965,67.8499755859375,135.699951171875
2020-12-01,1414.449951171875,0.01898276496605722,44.75,89.5
2020-12-02,1422.25,0.005514545651942315,54.949951171875,109.89990234375
2020-12-03,1492.6500244140625,0.049499050387809884,74.0,148.0
2020-12-04,1468.3499755859375,-0.01627980332339718,76.4500732421875,152.900146484375
2020-12-07,1500.25,0.021725082537855434,45.5999755859375,91.199951171875
2020-12-08,1483.449951171875,-0.011198166191051517,62.5999755859375,125.199951171875
2020-12-09,1466.199951171875,-0.01162829928058784,32.6500244140625,65.300048828125
2020-12-10,1454.0,-0.008320796329398417,52.949951171875,105.89990234375
2020-12-11,1433.8499755859375,-0.01385833866166608,47.800048828125,95.60009765625
2020-12-14,1422.550048828125,-0.007880829201252215,28.699951171875,57.39990234375
2020-12-15,1448.6500244140625,0.018347316220922005,70.9000244140625,141.800048828125
2020-12-16,1457.5999755859375,0.00617813206850637,36.75,73.5
2020-12-17,1441.5999755859375,-0.010976948592200775,48.199951171875,96.39990234375
2020-12-18,1445.1500244140625,0.0024625755329124033,45.0,90.0
2020-12-21,1345.4000244140625,-0.06902397558374174,143.5999755859375,287.199951171875
2020-12-22,1335.449951171875,-0.007395624395443945,76.800048828125,153.60009765625
2020-12-23,1424.4000244140625,0.06660681904562016,91.5499267578125,183.099853515625
2020-12-24,1406.5999755859375,-0.012496523815665572,45.949951171875,91.89990234375
2020-12-28,1445.5999755859375,0.027726433013589347,68.5999755859375,137.199951171875
2020-12-29,1426.199951171875,-0.013420050319383314,35.9000244140625,71.800048828125
2020-12-30,1435.800048828125,0.00673124245191703,37.0999755859375,74.199951171875
2020-12-31,1428.6500244140625,-0.004979819035316413,30.550048828125,61.10009765625
2021-01-01,1480.3499755859375,0.036187974863248096,64.8499755859375,129.699951171875
2021-01-04,1477.4000244140625,-0.001992739028287782,42.60009765625,85.2001953125
2021-01-05,1441.949951171875,-0.023994905006345157,37.0,74.0
2021-01-06,1415.449951171875,-0.01837789167263637,72.5,145.0
2021-01-07,1496.8499755859375,0.05750823216791945,89.800048828125,179.60009765625
2021-01-08,1524.550048828125,0.018505577508757698,69.75,139.5
2021-01-11,1507.8499755859375,-0.010954099706352305,68.5999755859375,137.199951171875
2021-01-12,1564.5,0.037570066870909136,97.800048828125,195.60009765625
2021-01-13,1567.1500244140625,0.001693847500199741,78.6500244140625,157.300048828125
2021-01-14,1596.949951171875,0.019015363107277583,67.800048828125,135.60009765625
2021-01-15,1625.1500244140625,0.017658708227827447,77.0999755859375,154.199951171875
2021-01-18,1584.6500244140625,-0.02492077616932753,94.0499267578125,188.099853515625
2021-01-19,1591.550048828125,0.004354289153918334,43.8499755859375,87.699951171875
2021-01-20,1596.25,0.002953065268249455,33.8499755859375,67.699951171875
2021-01-21,1563.5,-0.02051683633516055,78.5999755859375,157.199951171875
2021-01-22,1487.449951171875,-0.04864090107331309,107.1500244140625,214.300048828125
2021-01-25,1467.550048828125,-0.013378535747083142,81.75,163.5
2021-01-27,1421.1500244140625,-0.03161733696994806,85.7999267578125,171.599853515625
2021-01-28,1372.9000244140625,-0.033951376822368484,53.800048828125,107.60009765625
2021-01-29,1311.449951171875,-0.044759321253864504,95.3499755859375,190.699951171875
2021-02-01,1404.550048828125,0.07099020254113264,101.9000244140625,203.800048828125
2021-02-02,1500.9000244140625,0.06859846373315515,104.60009765625,209.2001953125
2021-02-03,1515.300048828125,0.009594259564146501,66.0999755859375,132.199951171875
2021-02-04,1522.25,0.004586518146851404,39.949951171875,79.89990234375
2021-02-05,1541.550048828125,0.012678632831745862,57.9500732421875,115.900146484375
2021-02-08,1591.25,0.03224024494673827,69.0,138.0
2021-02-09,1579.25,-0.0075412411626080145,51.949951171875,103.89990234375
2021-02-10,1621.050048828125,0.026468291168671776,57.2999267578125,114.599853515625
2021-02-11,1632.449951171875,0.007032418494414161,79.89990234375,159.7998046875
2021-02-12,1729.949951171875,0.0597261802299105,123.0,246.0
2021-02-15,1842.449951171875,0.06503078307195653,129.0,258.0
2021-02-16,1842.0999755859375,-0.00018995120367581997,88.9000244140625,177.800048828125
2021-02-17,1886.6500244140625,0.02418438163973935,75.0,150.0
2021-02-18,1899.1500244140625,0.006625500139530116,70.14990234375,140.2998046875
2021-02-19,1840.5,-0.030882249248401328,85.0,170.0
2021-02-22,1807.25,-0.018065743004618273,66.3499755859375,132.699951171875
2021-02-23,1851.550048828125,0.02451240770680596,113.0999755859375,226.199951171875
2021-02-24,1859.199951171875,0.004131620610845266,74.8499755859375,149.699951171875
2021-02-25,1949.6500244140625,0.04864999764289779,95.800048828125,191.60009765625
2021-02-26,1829.25,-0.061754685664801245,142.6500244140625,285.300048828125
2021-03-01,1879.300048828125,0.027360966969044664,90.5999755859375,181.199951171875
2021-03-02,1918.699951171875,0.020965200510859594,48.9000244140625,97.800048828125
2021-03-03,1993.0999755859375,0.03877626846689686,77.699951171875,155.39990234375
2021-03-04,1956.75,-0.018237908800962765,46.0,92.0
2021-03-05,1924.449951171875,-0.016506988030215886,87.949951171875,175.89990234375
2021-03-08,1917.0,-0.00387121066325391,53.3499755859375,106.699951171875
2021-03-09,1908.1500244140625,-0.004616575683848434,78.449951171875,156.89990234375
2021-03-10,1957.800048828125,0.026019979445436103,79.199951171875,158.39990234375
2021-03-12,1906.300048828125,-0.026305035609140104,96.800048828125,193.60009765625
2021-03-15,1863.25,-0.022583039251658943,101.300048828125,202.60009765625
2021-03-16,1876.3499755859375,0.007030712779249937,37.60009765625,75.2001953125
2021-03-17,1809.699951171875,-0.03552110495444716,87.0999755859375,174.199951171875
2021-03-18,1839.3499755859375,0.0163839449710228,74.25,148.5
2021-03-19,1889.050048828125,0.027020454998704313,125.949951171875,251.89990234375
2021-03-22,1896.25,0.003811413666007235,53.35009765625,106.7001953125
2021-03-23,1910.699951171875,0.007620277480224091,48.0,96.0
2021-03-24,1844.6500244140625,-0.03456844530576486,74.0,148.0
2021-03-25,1793.0,-0.027999904442832513,100.1500244140625,200.300048828125
2021-03-26,1804.3499755859375,0.006330159278269631,53.949951171875,107.89990234375
2021-03-30,1764.699951171875,-0.02197468614767306,83.85009765625,167.7001953125
2021-03-31,1753.1500244140625,-0.0065449804937902645,111.7999267578125,223.599853515625
2021-04-01,1779.800048828125,0.01520122296605475,57.75,115.5
2021-04-05,1744.050048828125,-0.020086526024953755,107.0,214.0
2021-04-06,1750.199951171875,0.0035262189567795144,44.0,88.0
2021-04-07,1783.0999755859375,0.01879786614782719,49.1500244140625,98.300048828125
2021-04-08,1802.25,0.010739736793372812,49.449951171875,98.89990234375
2021-04-09,1809.199951171875,0.0038562636548065132,67.300048828125,134.60009765625
2021-04-12,1630.0999755859375,-0.09899401968805543,160.9000244140625,321.800048828125
2021-04-13,1714.0999755859375,0.051530581717729396,95.0999755859375,190.199951171875
2021-04-15,1716.5,0.0014001659461211347,55.9000244140625,111.800048828125
2021-04-16,1720.050048828125,0.002068190403801351,47.8499755859375,95.699951171875
2021-04-19,1663.0,-0.033167667921635946,60.5999755859375,121.199951171875
2021-04-20,1704.0,0.024654239326518335,78.3499755859375,156.699951171875
2021-04-22,1656.550048828125,-0.027846215476452496,42.75,85.5
2021-04-23,1647.25,-0.005614106760435056,34.449951171875,68.89990234375
2021-04-26,1635.199951171875,-0.0073152519824707385,58.6500244140625,117.300048828125
2021-04-27,1659.0,0.014554824815808276,58.0,116.0
2021-04-28,1708.3499755859375,0.029746820726906265,63.949951171875,127.89990234375
2021-04-29,1692.449951171875,-0.009307240694992225,53.5,107.0
2021-04-30,1680.199951171875,-0.007238027920127177,51.5,103.0
2021-05-03,1707.3499755859375,0.016158805620203998,61.300048828125,122.60009765625
2021-05-04,1664.550048828125,-0.02506804543287866,70.1500244140625,140.300048828125
2021-05-05,1720.9000244140625,0.03385297764138051,58.6500244140625,117.300048828125
2021-05-06,1700.0999755859375,-0.01208672702251079,45.0,90.0
2021-05-07,1669.6500244140625,-0.01791068267110618,53.5,107.0
2021-05-10,1707.0,0.022369942826218958,37.699951171875,75.39990234375
2021-05-11,1692.9000244140625,-0.00826009114583337,39.949951171875,79.89990234375
2021-05-12,1694.75,0.0010927849012098978,44.0,88.0
2021-05-14,1633.6500244140625,-0.03605250071452282,74.699951171875,149.39990234375
2021-05-17,1652.949951171875,0.011813991044216987,39.800048828125,79.60009765625
2021-05-18,1692.449951171875,0.023896670296639,48.949951171875,97.89990234375
2021-05-19,1687.0,-0.0032201549996213608,41.0,82.0
2021-05-20,1680.800048828125,-0.0036751340675015287,38.0,76.0
2021-05-21,1728.699951171875,0.02849827519766346,62.7000732421875,125.400146484375
2021-05-24,1699.949951171875,-0.01663099485859909,55.449951171875,110.89990234375
2021-05-25,1700.5999755859375,0.00038237855980072233,40.800048828125,81.60009765625
2021-05-26,1701.5999755859375,0.0005880277633518727,36.75,73.5
2021-05-27,1808.4000244140625,0.06276448657761002,132.949951171875,265.89990234375
2021-05-28,1785.9000244140625,-0.012441937456448615,43.7999267578125,87.599853515625
2021-05-31,1816.199951171875,0.016966194268211332,55.25,110.5
2021-06-01,1796.949951171875,-0.010599053252687951,70.8499755859375,141.699951171875
2021-06-02,1841.300048828125,0.024680763995306165,45.4000244140625,90.800048828125
2021-06-03,1841.1500244140625,-8.147743989794787e-05,37.1500244140625,74.300048828125
2021-06-04,1928.0999755859375,0.04722589143681888,104.949951171875,209.89990234375
2021-06-07,1960.75,0.01693378187204231,149.1500244140625,298.300048828125
2021-06-08,2166.699951171875,0.10503631323313778,297.39990234375,594.7998046875
2021-06-09,2128.449951171875,-0.01765357495822728,88.199951171875,176.39990234375
2021-06-10,2195.949951171875,0.0317132192668359,93.0,186.0
2021-06-11,2252.800048828125,0.025888612637055664,150.050048828125,300.10009765625
2021-06-14,2218.60009765625,-0.015181085951088025,91.89990234375,183.7998046875
2021-06-15,2217.050048828125,-0.0006986607589904992,67.550048828125,135.10009765625
2021-06-16,2210.64990234375,-0.0028867848462681422,53.0,106.0
2021-06-17,2163.10009765625,-0.021509423376848247,80.199951171875,160.39990234375
2021-06-18,2236.5,0.033932734977581314,136.5,273.0
2021-06-21,2321.39990234375,0.037961056268164484,151.0,302.0
2021-06-22,2446.300048828125,0.05380380448809019,153.449951171875,306.89990234375
2021-06-23,2432.550048828125,-0.005620733240219944,84.5,169.0
2021-06-24,2398.85009765625,-0.013853754494428494,55.2001953125,110.400390625
2021-06-25,2423.14990234375,0.01012977205672061,47.949951171875,95.89990234375
2021-06-28,2417.050048828125,-0.002517324045749336,115.349853515625,230.69970703125
2021-06-29,2414.39990234375,-0.0010964383983939063,47.35009765625,94.7001953125
2021-06-30,2398.25,-0.006688992294968443,84.849853515625,169.69970703125
2021-07-01,2398.89990234375,0.00027099024027932295,53.35009765625,106.7001953125
2021-07-02,2404.75,0.002438658507816216,54.0,108.0
2021-07-05,2408.699951171875,0.0016425620841562516,43.85009765625,87.7001953125
2021-07-06,2348.949951171875,-0.024805912405540864,63.300048828125,126.60009765625
2021-07-07,2331.89990234375,-0.00725858327446216,49.5,99.0
2021-07-08,2320.449951171875,-0.004910138364158323,72.64990234375,145.2998046875
2021-07-09,2312.14990234375,-0.003576913530900949,53.300048828125,106.60009765625
2021-07-12,2308.5,-0.0015785751347913157,50.2998046875,100.599609375
2021-07-13,2321.550048828125,0.005653042593946278,20.64990234375,41.2998046875
2021-07-14,2289.64990234375,-0.013740882519624131,44.2998046875,88.599609375
2021-07-15,2277.25,-0.0054156324646214005,59.0,118.0
2021-07-16,2351.25,0.03249533428477336,98.75,197.5
2021-07-19,2298.60009765625,-0.022392302963848976,72.85009765625,145.7001953125
2021-07-20,2198.550048828125,-0.043526513781209863,134.800048828125,269.60009765625
2021-07-22,2234.64990234375,0.016419846132166516,48.64990234375,97.2998046875
2021-07-23,2255.050048828125,0.009129012317758978,71.199951171875,142.39990234375
2021-07-26,2252.60009765625,-0.0010864287349844348,36.300048828125,72.60009765625
2021-07-27,2305.60009765625,0.02352836620008336,149.5,299.0
2021-07-28,2310.75,0.0022336494299184384,79.89990234375,159.7998046875
2021-07-29,2317.699951171875,0.003007660357838393,102.800048828125,205.60009765625
2021-07-30,2318.60009765625,0.0003883792135905839,43.14990234375,86.2998046875
2021-08-02,2489.85009765625,0.07385922228378572,163.0,326.0
2021-08-03,2507.0,0.006887925646565485,67.800048828125,135.60009765625
2021-08-04,2550.5,0.01735141603510182,75.900146484375,151.80029296875
2021-08-05,2598.800048828125,0.018937482387031856,91.949951171875,183.89990234375
2021-08-06,2666.35009765625,0.02599278419229889,104.7998046875,209.599609375
2021-08-09,2814.10009765625,0.05541282824407556,218.0,436.0
2021-08-10,2786.14990234375,-0.009932196561088458,73.199951171875,146.39990234375
2021-08-11,2729.699951171875,-0.020260916731145162,160.050048828125,320.10009765625
2021-08-12,2718.800048828125,-0.003993077092253494,93.25,186.5
2021-08-13,2724.89990234375,0.002243582980018699,75.25,150.5
2021-08-16,2767.800048828125,0.015743751338342937,103.0,206.0
2021-08-17,2701.60009765625,-0.023917895080572626,118.300048828125,236.60009765625
2021-08-18,2701.5,-3.705124838304652e-05,76.849853515625,153.69970703125
2021-08-20,2636.39990234375,-0.02409775963585048,102.800048828125,205.60009765625
2021-08-23,2552.25,-0.03191848940251474,141.199951171875,282.39990234375
2021-08-24,2609.64990234375,0.022489921576550165,125.14990234375,250.2998046875
2021-08-25,2563.699951171875,-0.017607707122172522,80.0,160.0
2021-08-26,2567.050048828125,0.001306743269515076,72.7998046875,145.599609375
2021-08-27,2571.10009765625,0.0015777054405206048,41.75,83.5
2021-08-30,2599.5,0.011045817457530527,78.949951171875,157.89990234375
2021-08-31,2606.64990234375,0.0027504913805540543,82.050048828125,164.10009765625
2021-09-01,2594.550048828125,-0.00464191739164721,128.949951171875,257.89990234375
2021-09-02,2608.800048828125,0.0054922817952332,49.199951171875,98.39990234375
2021-09-03,2614.89990234375,0.002338183609880362,117.0,234.0
2021-09-06,2640.550048828125,0.009809226908221058,62.0,124.0
2021-09-07,2580.699951171875,-0.022665769082018117,119.949951171875,239.89990234375
2021-09-08,2579.449951171875,-0.0004843647164144427,54.199951171875,108.39990234375
2021-09-09,2575.64990234375,-0.0014732012250900928,44.949951171875,89.89990234375
2021-09-13,2570.60009765625,-0.0019605943660684355,50.85009765625,101.7001953125
2021-09-14,2648.699951171875,0.03038195384293063,88.0,176.0
2021-09-15,2649.949951171875,0.0004719296345541135,42.89990234375,85.7998046875
2021-09-16,2648.64990234375,-0.0004905937289684248,37.949951171875,75.89990234375
2021-09-17,2634.699951171875,-0.005266815806623137,117.699951171875,235.39990234375
2021-09-20,2503.550048828125,-0.049777927192588445,139.449951171875,278.89990234375
2021-09-21,2612.5,0.04351818379779271,163.89990234375,327.7998046875
2021-09-22,2638.10009765625,0.009799080442583818,83.89990234375,167.7998046875
2021-09-23,2779.60009765625,0.05363708531215772,142.0,284.0
2021-09-24,2767.5,-0.004353179317576172,99.0,198.0
2021-09-27,2751.85009765625,-0.0056548879290876375,91.0,182.0
2021-09-28,2683.5,-0.024837870970684017,170.849853515625,341.69970703125
2021-09-29,2642.14990234375,-0.015409017200018638,77.300048828125,154.60009765625
2021-09-30,2595.800048828125,-0.017542476857391742,82.949951171875,165.89990234375
2021-10-01,2655.39990234375,0.022960109559490682,95.0,190.0
2021-10-04,2786.25,0.04927698368172617,173.5,347.0
2021-10-05,2922.449951171875,0.0488828896085689,183.89990234375,367.7998046875
2021-10-06,2842.14990234375,-0.027476962880382372,113.0,226.0
2021-10-07,2888.199951171875,0.016202540474782978,153.949951171875,307.89990234375
2021-10-08,2736.25,-0.05261060651642968,215.300048828125,430.60009765625
2021-10-11,2754.35009765625,0.006614928334855996,71.60009765625,143.2001953125
2021-10-12,2791.0,0.013306188772057803,63.199951171875,126.39990234375
2021-10-13,2797.050048828125,0.002167699329317374,62.599853515625,125.19970703125
2021-10-14,2835.75,0.013835988093273244,54.0,108.0
2021-10-18,2816.75,-0.00670016750418756,75.849853515625,151.69970703125
2021-10-19,2746.699951171875,-0.024869104048326984,118.949951171875,237.89990234375
2021-10-20,2662.10009765625,-0.030800544296631482,162.699951171875,325.39990234375
2021-10-21,2683.199951171875,0.007926018084068787,70.0,140.0
2021-10-22,2588.14990234375,-0.035424139295549883,134.64990234375,269.2998046875
2021-10-25,2601.25,0.005061568359849167,109.449951171875,218.89990234375
2021-10-26,2673.199951171875,0.02765976018140326,108.10009765625,216.2001953125
2021-10-27,2676.35009765625,0.0011784178295357606,51.60009765625,103.2001953125
2021-10-28,2596.949951171875,-0.029667324373559234,128.85009765625,257.7001953125
2021-10-29,2601.75,0.00184834090697783,126.599853515625,253.19970703125
2021-11-01,2615.10009765625,0.005131199252906615,94.5,189.0
2021-11-02,2700.0,0.032465259138585445,140.0,280.0
2021-11-03,2729.449951171875,0.010907389322916572,63.0,126.0
2021-11-04,2747.949951171875,0.006777922413289561,22.85009765625,45.7001953125
2021-11-08,2765.60009765625,0.006423023271165507,87.449951171875,174.89990234375
2021-11-09,2772.800048828125,0.002603395616733062,53.25,106.5
2021-11-10,2819.64990234375,0.016896225003827814,113.300048828125,226.60009765625
2021-11-11,2711.10009765625,-0.03849761794798401,149.099853515625,298.19970703125
2021-11-12,2654.300048828125,-0.02095092279227484,160.10009765625,320.2001953125
2021-11-15,2613.89990234375,-0.01522064037267068,74.800048828125,149.60009765625
2021-11-16,2623.85009765625,0.003806647417362141,62.349853515625,124.69970703125
2021-11-17,2573.0,-0.019379955318968745,87.10009765625,174.2001953125
2021-11-18,2551.85009765625,-0.00821993872668092,72.0,144.0
2021-11-22,2580.25,0.011129142095702926,102.25,204.5
2021-11-23,2613.699951171875,0.012963841167280332,86.349853515625,172.69970703125
2021-11-24,2595.800048828125,-0.006848491670103263,58.349853515625,116.69970703125
2021-11-25,2651.449951171875,0.021438439516507923,90.949951171875,181.89990234375
2021-11-26,2471.5,-0.06786850760367613,172.949951171875,345.89990234375
2021-11-29,2384.699951171875,-0.03512039200005057,100.0,200.0
2021-11-30,2418.35009765625,0.014110851332822305,127.449951171875,254.89990234375
2021-12-01,2476.85009765625,0.024190045955999162,72.199951171875,144.39990234375
2021-12-02,2518.050048828125,0.016634010758608708,86.89990234375,173.7998046875
2021-12-03,2528.050048828125,0.003971326941914377,66.949951171875,133.89990234375
2021-12-06,2519.300048828125,-0.0034611656537638646,51.14990234375,102.2998046875
2021-12-07,2584.64990234375,0.02593968651968348,93.75,187.5
2021-12-08,2627.14990234375,0.01644323278037052,49.150146484375,98.30029296875
2021-12-09,2635.699951171875,0.003254495992214723,51.550048828125,103.10009765625
2021-12-10,2650.10009765625,0.005463499924554194,50.0,100.0
2021-12-13,2746.300048828125,0.036300497198937576,154.699951171875,309.39990234375
2021-12-14,2602.5,-0.05236137576791222,192.300048828125,384.60009765625
2021-12-15,2549.550048828125,-0.020345802563640714,90.25,180.5
2021-12-16,2572.85009765625,0.00913888661994866,62.949951171875,125.89990234375
2021-12-17,2516.25,-0.021998987701541628,98.699951171875,197.39990234375
2021-12-20,2453.050048828125,-0.02511672177719826,75.0,150.0
2021-12-21,2554.64990234375,0.041417766247436205,113.0,226.0
2021-12-22,2590.0,0.013837550743770466,51.800048828125,103.60009765625
2021-12-23,2599.25,0.0035714285714285587,37.800048828125,75.60009765625
2021-12-24,2576.800048828125,-0.008637088072280474,61.300048828125,122.60009765625
2021-12-27,2601.39990234375,0.009546667591384228,73.550048828125,147.10009765625
2021-12-28,2597.800048828125,-0.0013838139658503001,41.800048828125,83.60009765625
2021-12-29,2615.699951171875,0.00689040804038199,64.5,129.0
2021-12-30,2616.699951171875,0.00038230684660600645,51.800048828125,103.60009765625
2021-12-31,2643.89990234375,0.010394753574896276,52.5,105.0
2022-01-03,2685.10009765625,0.015583114654218688,66.949951171875,133.89990234375
2022-01-04,2678.449951171875,-0.0024766847575551365,46.39990234375,92.7998046875
2022-01-05,2657.60009765625,-0.007784298342592755,130.0,260.0
2022-01-06,2659.14990234375,0.0005831594786840366,57.35009765625,114.7001953125
2022-01-07,2579.10009765625,-0.03010353219160189,94.449951171875,188.89990234375
2022-01-10,2579.25,5.812195652521446e-05,37.099853515625,74.19970703125
2022-01-11,2569.449951171875,-0.0037995730650867143,29.7998046875,59.599609375
2022-01-12,2639.35009765625,0.027204323031275512,75.0,150.0
2022-01-13,2637.949951171875,-0.0005304891100345044,33.25,66.5
2022-01-14,2642.949951171875,0.0018954112445457305,55.0,110.0
2022-01-17,2671.85009765625,0.010934806567775013,42.0,84.0
2022-01-18,2571.5,-0.03755828133632089,141.25,282.5
2022-01-19,2570.60009765625,-0.00034995230167222946,77.75,155.5
2022-01-20,2580.64990234375,0.0039095169632425986,58.85009765625,117.7001953125
2022-01-21,2527.85009765625,-0.020459886728357524,67.0,134.0
2022-01-24,2366.300048828125,-0.0639080810123629,188.7001953125,377.400390625
2022-01-25,2358.550048828125,-0.003275155238169458,117.050048828125,234.10009765625
2022-01-27,2305.39990234375,-0.022535093758465408,101.349853515625,202.69970703125
2022-01-28,2367.35009765625,0.02687177840578525,104.949951171875,209.89990234375
2022-01-31,2391.550048828125,0.010222379527148773,33.949951171875,67.89990234375
2022-02-01,2524.0,0.05538247097809079,127.64990234375,255.2998046875
2022-02-02,2517.449951171875,-0.002595106508765821,57.699951171875,115.39990234375
2022-02-03,2500.35009765625,-0.0067925296817380465,79.349853515625,158.69970703125
2022-02-04,2465.449951171875,-0.013958103913963571,72.5,145.0
2022-02-07,2442.699951171875,-0.009227524569779488,68.89990234375,137.7998046875
2022-02-08,2437.35009765625,-0.0021901394451080414,77.699951171875,155.39990234375
2022-02-09,2466.199951171875,0.011836565269538912,51.0,102.0
2022-02-10,2496.25,0.01218475769324634,81.0,162.0
2022-02-11,2422.39990234375,-0.029584415686029097,122.39990234375,244.7998046875
2022-02-14,2255.39990234375,-0.06893989709891502,133.699951171875,267.39990234375
2022-02-15,2292.050048828125,0.01624995480681246,97.0,194.0
2022-02-16,2270.300048828125,-0.009489321584020494,109.300048828125,218.60009765625
2022-02-17,2241.25,-0.012795687003187117,74.949951171875,149.89990234375
2022-02-18,2162.449951171875,-0.03515897326408257,105.550048828125,211.10009765625
2022-02-21,2096.89990234375,-0.03031286286769419,86.14990234375,172.2998046875
2022-02-22,2045.800048828125,-0.02436923834967497,64.0499267578125,128.099853515625
2022-02-23,2099.89990234375,0.026444350486067636,83.0,166.0
2022-02-24,1948.75,-0.07197957491928442,126.0,252.0
2022-02-25,2062.35009765625,0.058293828175112195,86.60009765625,173.2001953125
2022-02-28,2070.25,0.0038305340847453184,76.699951171875,153.39990234375
2022-03-02,2080.85009765625,0.00512020174193939,82.949951171875,165.89990234375
2022-03-03,2058.949951171875,-0.010524615160429907,89.75,179.5
2022-03-04,2047.6500244140625,-0.005488198851740456,70.199951171875,140.39990234375
2022-03-07,1886.5999755859375,-0.07865115957704227,159.449951171875,318.89990234375
2022-03-08,1943.0,0.02989506262266639,70.14990234375,140.2998046875
2022-03-09,2015.300048828125,0.03721052435827321,75.9000244140625,151.800048828125
2022-03-10,1993.6500244140625,-0.01074282930060555,98.199951171875,196.39990234375
2022-03-11,2026.6500244140625,0.016552554157392096,54.449951171875,108.89990234375
2022-03-14,2036.0999755859375,0.004662843144122686,48.949951171875,97.89990234375
2022-03-15,2071.25,0.01726340790507952,115.0,230.0
2022-03-16,2161.39990234375,0.04352439461375979,81.89990234375,163.7998046875
2022-03-17,2286.050048828125,0.057671024389891246,110.25,220.5
2022-03-21,2234.60009765625,-0.022506047581175803,102.300048828125,204.60009765625
2022-03-22,2202.14990234375,-0.01452170137580111,80.349853515625,160.69970703125
2022-03-23,2224.35009765625,0.01008114628748591,64.75,129.5
2022-03-24,2246.699951171875,0.01004781285966394,49.10009765625,98.2001953125
2022-03-25,2202.449951171875,-0.019695553906483698,85.0,170.0
2022-03-28,2195.050048828125,-0.0033598503974233696,65.0,130.0
2022-03-29,2186.449951171875,-0.003917950600188513,50.949951171875,101.89990234375
2022-03-30,2233.050048828125,0.021313132565085047,38.60009765625,77.2001953125
2022-03-31,2186.89990234375,-0.020666866158505437,71.949951171875,143.89990234375
2022-04-01,2230.75,0.02005125959777798,51.0,102.0
2022-04-04,2260.699951171875,0.013425955921495092,50.75,101.5
2022-04-05,2247.14990234375,-0.005993740487808208,38.89990234375,77.7998046875
2022-04-06,2269.699951171875,0.010034955302539172,78.900146484375,157.80029296875
2022-04-07,2354.25,0.03725164147114279,103.050048828125,206.10009765625
2022-04-08,2340.5,-0.005840501221195726,76.949951171875,153.89990234375
2022-04-11,2321.0,-0.008331553086947219,45.949951171875,91.89990234375
2022-04-12,2275.0,-0.019819043515725943,70.0,140.0
2022-04-13,2283.449951171875,0.0037142642513736668,47.14990234375,94.2998046875
2022-04-18,2226.64990234375,-0.02487466335707289,99.0,198.0
2022-04-19,2229.39990234375,0.0012350392385913622,91.699951171875,183.39990234375
2022-04-20,2224.89990234375,-0.00201848039702035,60.14990234375,120.2998046875
2022-04-21,2239.35009765625,0.006494761987843933,26.0,52.0
2022-04-22,2173.35009765625,-0.02947283681505497,81.849853515625,163.69970703125
2022-04-25,2113.0,-0.027768235647506523,62.89990234375,125.7998046875
2022-04-26,2201.75,0.042001893043066785,96.849853515625,193.69970703125
2022-04-27,2160.75,-0.01862155103894625,52.64990234375,105.2998046875
2022-04-28,2146.25,-0.006710632882101164,75.25,150.5
2022-04-29,2160.0,0.006406523005241693,81.39990234375,162.7998046875
2022-05-02,2129.800048828125,-0.013981458875868102,40.949951171875,81.89990234375
2022-05-04,2026.199951171875,-0.048643109813643615,181.199951171875,362.39990234375
2022-05-05,2022.800048828125,-0.0016779698083516648,68.949951171875,137.89990234375
2022-05-06,1975.550048828125,-0.02335871013418922,49.199951171875,98.39990234375
2022-05-09,1965.449951171875,-0.0051125496224412315,57.5999755859375,115.199951171875
2022-05-10,1913.8499755859375,-0.02625351795662445,80.0,160.0
2022-05-11,1873.949951171875,-0.02084804186485245,95.0,190.0
2022-05-12,1815.0999755859375,-0.03140424083852167,84.8499755859375,169.699951171875
2022-05-13,1811.4000244140625,-0.0020384283078845877,67.5,135.0
2022-05-16,1874.75,0.03497293515077082,76.5999755859375,153.199951171875
2022-05-17,1982.8499755859375,0.05766100844695954,112.5,225.0
2022-05-18,1981.8499755859375,-0.0005043245895113291,48.449951171875,96.89990234375
2022-05-19,1894.050048828125,-0.04430200461155209,90.949951171875,181.89990234375
2022-05-20,1916.3499755859375,0.011773673442055932,41.4000244140625,82.800048828125
2022-05-23,1885.800048828125,-0.01594172627495749,58.60009765625,117.2001953125
2022-05-24,1808.550048828125,-0.040964046028106105,164.4000244140625,328.800048828125
2022-05-25,1811.25,0.0014928816449533144,47.0,94.0
2022-05-26,1861.3499755859375,0.027660442007418906,85.449951171875,170.89990234375
2022-05-27,1645.300048828125,-0.11607163058618342,233.0,466.0
2022-05-30,1777.3499755859375,0.08025887244813856,111.800048828125,223.60009765625
2022-05-31,1894.949951171875,0.06616590834743641,173.800048828125,347.60009765625
2022-06-01,1837.6500244140625,-0.030238226989782513,72.800048828125,145.60009765625
2022-06-02,1815.050048828125,-0.01229830233487661,48.5999755859375,97.199951171875
2022-06-03,1779.6500244140625,-0.019503607868509354,71.8499755859375,143.699951171875
2022-06-06,1795.6500244140625,0.008990531722813166,55.2999267578125,110.599853515625
2022-06-07,1773.4000244140625,-0.01239105599503465,47.14990234375,94.2998046875
2022-06-08,1750.449951171875,-0.012941283932693226,68.550048828125,137.10009765625
2022-06-09,1733.25,-0.009826017110834973,41.449951171875,82.89990234375
2022-06-10,1701.6500244140625,-0.018231631666486336,34.449951171875,68.89990234375
2022-06-13,1616.3499755859375,-0.0501278450940561,62.8499755859375,125.699951171875
2022-06-14,1598.5999755859375,-0.010981532630991886,62.4000244140625,124.800048828125
2022-06-15,1661.800048828125,0.039534639188908205,70.3499755859375,140.699951171875
2022-06-16,1649.449951171875,-0.0074317591126316085,72.550048828125,145.10009765625
2022-06-17,1647.3499755859375,-0.0012731368929658204,56.9000244140625,113.800048828125
2022-06-20,1588.050048828125,-0.03599716370938144,129.7000732421875,259.400146484375
2022-06-21,1645.300048828125,0.036050501079765596,49.449951171875,98.89990234375
2022-06-22,1615.550048828125,-0.018081808252050857,47.949951171875,95.89990234375
2022-06-23,1627.949951171875,0.007675343981292659,43.0,86.0
2022-06-24,1650.6500244140625,0.013943962605144522,59.0,118.0
2022-06-27,1665.5,0.008996441017961265,30.0,60.0
2022-06-28,1688.0999755859375,0.013569483990355735,49.4000244140625,98.800048828125
2022-06-29,1664.5,-0.01398020018200996,35.949951171875,71.89990234375
2022-06-30,1655.699951171875,-0.005286902269825755,44.8499755859375,89.699951171875
2022-07-01,1672.800048828125,0.010328017249832566,56.5999755859375,113.199951171875
2022-07-04,1680.4000244140625,0.004543265999580548,39.0,78.0
2022-07-05,1696.75,0.009729811561766999,39.9000244140625,79.800048828125
2022-07-06,1712.800048828125,0.009459289128112669,35.9000244140625,71.800048828125
2022-07-07,1719.550048828125,0.0039409153477185654,37.6500244140625,75.300048828125
2022-07-08,1709.699951171875,-0.005728299483322874,36.3499755859375,72.699951171875
2022-07-11,1761.699951171875,0.030414693504762447,63.800048828125,127.60009765625
2022-07-12,1710.4000244140625,-0.029119559618360658,49.0,98.0
2022-07-13,1696.25,-0.008272932771332231,48.64990234375,97.2998046875
2022-07-14,1664.699951171875,-0.01859988140198965,58.050048828125,116.10009765625
2022-07-15,1660.050048828125,-0.0027932375083429273,25.0,50.0
2022-07-18,1699.8499755859375,0.02397513664477069,51.25,102.5
2022-07-19,1704.75,0.0028826216927604342,41.0,82.0
2022-07-20,1783.6500244140625,0.04628246042766526,100.0,200.0
2022-07-21,1816.800048828125,0.01858549825375766,53.699951171875,107.39990234375
2022-07-22,1841.0,0.013320096059819209,61.8499755859375,123.699951171875
2022-07-25,1795.6500244140625,-0.02463333817813007,80.050048828125,160.10009765625
2022-07-26,1763.8499755859375,-0.01770949149097223,45.9000244140625,91.800048828125
2022-07-27,1805.25,0.023471397787280468,56.449951171875,112.89990234375
2022-07-28,1839.1500244140625,0.018778576049889306,83.699951171875,167.39990234375
2022-07-29,1770.050048828125,-0.037571690546534975,140.8499755859375,281.699951171875
2022-08-01,1749.9000244140625,-0.01138387269185015,55.8499755859375,111.699951171875
2022-08-02,1730.9000244140625,-0.01085776314927589,36.800048828125,73.60009765625
2022-08-03,1751.449951171875,0.011872393822843108,72.60009765625,145.2001953125
2022-08-04,1731.8499755859375,-0.011190714055416384,74.949951171875,149.89990234375
2022-08-05,1726.0999755859375,-0.0033201490204454176,60.800048828125,121.60009765625
2022-08-08,1789.5999755859375,0.036788135622587204,79.5,159.0
2022-08-10,1821.1500244140625,0.017629665432798758,51.949951171875,103.89990234375
2022-08-11,1905.550048828125,0.046344355644844404,100.0,200.0
2022-08-12,1921.3499755859375,0.008291530714467088,38.0,76.0
2022-08-16,1926.699951171875,0.0027844878100908854,66.5,133.0
2022-08-17,1974.3499755859375,0.0247314193292425,64.25,128.5
2022-08-18,1961.449951171875,-0.006533808379253547,33.3499755859375,66.699951171875
2022-08-19,1945.9000244140625,-0.007927771365525915,106.0,212.0
2022-08-22,1895.699951171875,-0.025797868653248734,92.3499755859375,184.699951171875
2022-08-23,1898.699951171875,0.001582528921913795,82.8499755859375,165.699951171875
2022-08-24,1976.800048828125,0.04113345955902448,105.9000244140625,211.800048828125
2022-08-25,2031.800048828125,0.027822743141171502,71.0,142.0
2022-08-26,1979.8499755859375,-0.0255684968962131,116.550048828125,233.10009765625
2022-08-29,1926.5,-0.026946473845902652,72.0,144.0
2022-08-30,1063.550048828125,-0.44793664737704386,91.1500244140625,182.300048828125
2022-09-01,1026.550048828125,-0.03478914794914312,50.699951171875,101.39990234375
2022-09-02,1032.949951171875,0.006234379269725698,31.449951171875,62.89990234375
2022-09-05,1020.3499755859375,-0.012198050420199835,41.6500244140625,83.300048828125
2022-09-06,1009.4000244140625,-0.010731564104352498,27.0,54.0
2022-09-07,1028.699951171875,0.01912019644443319,40.70001220703125,81.4000244140625
2022-09-08,1012.1500244140625,-0.016088196309292258,29.6500244140625,59.300048828125
2022-09-09,1014.9000244140625,0.00271698852311153,14.79998779296875,29.5999755859375
2022-09-12,1019.1500244140625,0.0041876045893818326,18.70001220703125,37.4000244140625
2022-09-13,1019.5,0.00034339947755857025,18.699951171875,37.39990234375
2022-09-14,990.4000244140625,-0.028543379682135828,25.9000244140625,51.800048828125
2022-09-15,986.0999755859375,-0.004341729323632637,24.8499755859375,49.699951171875
2022-09-16,964.5499877929688,-0.02185375552835178,46.6500244140625,93.300048828125
2022-09-19,942.4000244140625,-0.022964038835963874,37.6500244140625,75.300048828125
2022-09-20,970.0499877929688,0.029339943402588053,40.0,80.0
2022-09-21,955.7999877929688,-0.014689964619680307,20.3499755859375,40.699951171875
2022-09-22,976.6500244140625,0.021814225661624498,28.0,56.0
2022-09-23,955.7999877929688,-0.02134852413852406,30.45001220703125,60.9000244140625
2022-09-26,890.0999755859375,-0.06873824340460466,80.0999755859375,160.199951171875
2022-09-27,876.5,-0.015279155105003661,34.79998779296875,69.5999755859375
2022-09-28,853.2000122070312,-0.026582986643432727,23.550048828125,47.10009765625
2022-09-29,843.25,-0.01166199257462841,38.8499755859375,77.699951171875
2022-09-30,864.25,0.02490364660539579,29.5999755859375,59.199951171875
2022-10-03,829.25,-0.040497541220711586,42.0,84.0
2022-10-04,867.4500122070312,0.04606573675855441,29.3499755859375,58.699951171875
2022-10-06,857.75,-0.011182214618167707,22.04998779296875,44.0999755859375
2022-10-07,845.0999755859375,-0.014747915376348009,22.95001220703125,45.9000244140625
2022-10-10,822.8499755859375,-0.026328245938681105,22.95001220703125,45.9000244140625
2022-10-11,806.25,-0.020173757159215988,26.1500244140625,52.300048828125
2022-10-12,825.5,0.023875968992248087,33.70001220703125,67.4000244140625
2022-10-13,803.0499877929688,-0.027195653794102048,26.35003662109375,52.7000732421875
2022-10-14,805.8499755859375,0.0034866917819946774,25.0,50.0
2022-10-17,803.25,-0.0032263767012551403,24.54998779296875,49.0999755859375
2022-10-18,819.9000244140625,0.02072832171062866,18.20001220703125,36.4000244140625
2022-10-19,825.4500122070312,0.00676910309514267,16.0,32.0
2022-10-20,841.4000244140625,0.019322808130301183,29.70001220703125,59.4000244140625
2022-10-21,847.9000244140625,0.0077252196474875134,14.95001220703125,29.9000244140625
2022-10-24,842.5499877929688,-0.006309749341959159,18.95001220703125,37.9000244140625
2022-10-25,831.0,-0.01370837096944666,17.3499755859375,34.699951171875
2022-10-27,849.4000244140625,0.022142026972397755,19.45001220703125,38.9000244140625
2022-10-28,847.8499755859375,-0.0018248749512271845,11.70001220703125,23.4000244140625
2022-10-31,849.4000244140625,0.0018282112080663104,13.20001220703125,26.4000244140625
2022-11-01,852.2000122070312,0.0032964300829874116,10.75,21.5
2022-11-02,837.25,-0.01754284439437359,25.800048828125,51.60009765625
2022-11-03,895.9000244140625,0.07005079058114361,67.95001220703125,135.9000244140625
2022-11-04,886.4000244140625,-0.010603861749209353,41.54998779296875,83.0999755859375
2022-11-07,904.9000244140625,0.02087093805331186,23.3499755859375,46.699951171875
2022-11-09,888.8499755859375,-0.017736819974690232,26.0999755859375,52.199951171875
2022-11-10,811.5999755859375,-0.08691005470194912,46.70001220703125,93.4000244140625
2022-11-11,820.0499877929688,0.010411548128658854,13.85003662109375,27.7000732421875
2022-11-14,827.0499877929688,0.008536065001158555,24.9000244140625,49.800048828125
2022-11-15,822.2000122070312,-0.00586418675717526,16.95001220703125,33.9000244140625
2022-11-16,807.0999755859375,-0.018365405493683595,20.20001220703125,40.4000244140625
2022-11-17,800.3499755859375,-0.008363276179137125,13.45001220703125,26.9000244140625
2022-11-18,789.1500244140625,-0.013993817096921268,20.29998779296875,40.5999755859375
2022-11-21,792.2000122070312,0.0038649023615418,13.54998779296875,27.0999755859375
2022-11-22,793.1500244140625,0.0011992075137496894,8.0,16.0
2022-11-23,788.0999755859375,-0.0063670789543954776,14.0,28.0
2022-11-24,796.6500244140625,0.010848939338905739,13.5999755859375,27.199951171875
2022-11-25,819.8499755859375,0.029121885973628858,32.0,64.0
2022-11-28,820.7000122070312,0.0010368197187371475,15.35003662109375,30.7000732421875
2022-11-29,820.5999755859375,-0.00012189182357236206,9.9000244140625,19.800048828125
2022-11-30,824.8499755859375,0.005179137370757703,11.04998779296875,22.0999755859375
2022-12-01,863.4000244140625,0.04673583071969034,37.10003662109375,74.2000732421875
2022-12-02,859.7000122070312,-0.004285397385229706,16.5,33.0
2022-12-05,896.25,0.042514815952063634,45.20001220703125,90.4000244140625
2022-12-06,901.0,0.0052998605299861,33.5,67.0
2022-12-07,880.1500244140625,-0.02314092739837681,32.5,65.0
2022-12-08,870.9000244140625,-0.010509571940485851,17.5999755859375,35.199951171875
2022-12-09,846.0499877929688,-0.028533742019140163,37.29998779296875,74.5999755859375
2022-12-12,858.0999755859375,0.01424264283059995,22.0,44.0
2022-12-13,858.75,0.0007575159451771452,13.0,26.0
2022-12-14,870.0999755859375,0.013216856577510816,19.6500244140625,39.300048828125
2022-12-15,912.7999877929688,0.04907483439276783,55.45001220703125,110.9000244140625
2022-12-16,892.2999877929688,-0.02245837015134755,31.45001220703125,62.9000244140625
2022-12-19,871.2000122070312,-0.023646728538152972,28.4000244140625,56.800048828125
2022-12-20,852.6500244140625,-0.021292455846018243,30.800048828125,61.60009765625
2022-12-21,838.4500122070312,-0.01665397501957433,46.04998779296875,92.0999755859375
2022-12-22,827.5499877929688,-0.013000207830363819,27.800048828125,55.60009765625
2022-12-23,790.4500122070312,-0.04483109918819661,39.20001220703125,78.4000244140625
2022-12-26,810.0999755859375,0.024859210671704934,34.29998779296875,68.5999755859375
2022-12-27,829.8499755859375,0.024379706943843615,28.95001220703125,57.9000244140625
2022-12-28,822.8499755859375,-0.008435259632390113,20.85003662109375,41.7000732421875
2022-12-29,824.7999877929688,0.0023698271433290063,21.5,43.0
2022-12-30,828.4000244140625,0.0043647389359533495,22.6500244140625,45.300048828125
2023-01-02,837.6500244140625,0.011166103002643757,16.5999755859375,33.199951171875
2023-01-03,840.7000122070312,0.003641124221422043,19.0,38.0
2023-01-04,815.9500122070312,-0.029439752159662214,29.4000244140625,58.800048828125
2023-01-05,804.1500244140625,-0.014461655268625417,25.0,50.0
2023-01-06,798.0,-0.007647857025862348,19.95001220703125,39.9000244140625
2023-01-09,808.1500244140625,0.012719328839677413,13.95001220703125,27.9000244140625
2023-01-10,817.5499877929688,0.011631458386357929,13.54998779296875,27.0999755859375
2023-01-11,830.8499755859375,0.016268103469578632,29.04998779296875,58.0999755859375
2023-01-12,836.8499755859375,0.007221520342187704,14.70001220703125,29.4000244140625
2023-01-13,837.0999755859375,0.00029873932878454745,16.6500244140625,33.300048828125
2023-01-16,830.4500122070312,-0.007944049185106605,13.4000244140625,26.800048828125
2023-01-17,830.0,-0.0005418895784410349,18.54998779296875,37.0999755859375
2023-01-18,827.4000244140625,-0.0031325007059488374,10.54998779296875,21.0999755859375
2023-01-19,836.5499877929688,0.011058693629343308,23.89996337890625,47.7999267578125
2023-01-20,835.3499755859375,-0.0014344775859684855,12.95001220703125,25.9000244140625
2023-01-23,850.0499877929688,0.01759742938487574,25.449951171875,50.89990234375
2023-01-24,843.7000122070312,-0.007470120201312214,16.0,32.0
2023-01-25,824.5,-0.022756918252028968,28.04998779296875,56.0999755859375
2023-01-27,809.7999877929688,-0.017829002070383515,35.60003662109375,71.2000732421875
2023-01-30,817.3499755859375,0.00932327476757,32.95001220703125,65.9000244140625
2023-01-31,859.9000244140625,0.052058542973127286,45.6500244140625,91.300048828125
2023-02-01,844.7999877929688,-0.017560223505497574,48.54998779296875,97.0999755859375
2023-02-02,851.75,0.008226813810909395,33.89996337890625,67.7999267578125
2023-02-03,875.7999877929688,0.028235970405598776,26.25,52.5
2023-02-06,845.0999755859375,-0.03505367964710282,49.4000244140625,98.800048828125
2023-02-07,841.5,-0.004259822139317304,18.1500244140625,36.300048828125
2023-02-08,844.0499877929688,0.0030302885240269806,16.89996337890625,33.7999267578125
2023-02-09,837.0999755859375,-0.00823412393524725,40.0,80.0
2023-02-10,891.0,0.06438899293520417,77.9000244140625,155.800048828125
2023-02-13,874.9000244140625,-0.018069557335507858,40.20001220703125,80.4000244140625
2023-02-14,872.0999755859375,-0.003200421476728388,16.29998779296875,32.5999755859375
2023-02-15,878.3499755859375,0.007166609534418056,16.0,32.0
2023-02-16,880.75,0.002732423841033782,10.79998779296875,21.5999755859375
2023-02-17,868.4500122070312,-0.013965356563120923,43.9000244140625,87.800048828125
2023-02-20,842.2999877929688,-0.030111145197184386,37.0,74.0
2023-02-21,826.8499755859375,-0.018342648024386232,21.5,43.0
2023-02-22,806.75,-0.0243090961836141,23.9000244140625,47.800048828125
2023-02-23,794.25,-0.015494267121165195,21.95001220703125,43.9000244140625
2023-02-24,794.1500244140625,-0.00012587420325782528,13.95001220703125,27.9000244140625
2023-02-27,783.5499877929688,-0.013347650060093641,27.29998779296875,54.5999755859375
2023-02-28,770.6500244140625,-0.01646348488274718,23.60003662109375,47.2000732421875
2023-03-01,778.5,0.010186174446573215,20.5,41.0
2023-03-02,764.3499755859375,-0.01817601080804432,20.79998779296875,41.5999755859375
2023-03-03,782.8499755859375,0.024203572435281595,29.45001220703125,58.9000244140625
2023-03-06,780.25,-0.0033211671035583423,13.95001220703125,27.9000244140625
2023-03-08,776.0499877929688,-0.0053829057443527395,13.95001220703125,27.9000244140625
2023-03-09,768.7999877929688,-0.009342181707416186,14.5,29.0
2023-03-10,745.4000244140625,-0.0304369975942399,24.79998779296875,49.5999755859375
2023-03-13,706.3499755859375,-0.05238804339833647,44.25,88.5
2023-03-14,680.0999755859375,-0.037162880876756454,35.39996337890625,70.7999267578125
2023-03-15,672.7000122070312,-0.010880699374427816,31.9000244140625,63.800048828125
2023-03-16,691.9000244140625,0.028541715264786216,40.5999755859375,81.199951171875
2023-03-17,688.8499755859375,-0.004408221882500896,22.4000244140625,44.800048828125
2023-03-20,655.9500122070312,-0.04776070921817399,45.95001220703125,91.9000244140625
2023-03-21,678.75,0.03475872759915832,25.79998779296875,51.5999755859375
2023-03-22,673.6500244140625,-0.007513776185543275,16.25,32.5
2023-03-23,666.0999755859375,-0.011207672462703488,14.1500244140625,28.300048828125
2023-03-24,649.6500244140625,-0.024695919193518545,25.79998779296875,51.5999755859375
2023-03-27,649.5999755859375,-7.703967712480164e-05,14.45001220703125,28.9000244140625
2023-03-28,634.6500244140625,-0.023014088260071452,22.5999755859375,45.199951171875
2023-03-29,665.0999755859375,0.047979122351705206,31.0,62.0
2023-03-31,678.3499755859375,0.01992181699950768,12.79998779296875,25.5999755859375
2023-04-03,684.3499755859375,0.008844991841884253,10.6500244140625,21.300048828125
2023-04-05,683.75,-0.0008767087124154083,12.45001220703125,24.9000244140625
2023-04-06,699.2000122070312,0.022595995915219325,23.29998779296875,46.5999755859375
2023-04-10,701.9500122070312,0.003933066292890253,14.20001220703125,28.4000244140625
2023-04-11,702.2000122070312,0.00035615071679240273,8.54998779296875,17.0999755859375
2023-04-12,697.0,-0.0074053148912479605,11.6500244140625,23.300048828125
2023-04-13,701.4000244140625,0.006312804037392317,15.04998779296875,30.0999755859375
2023-04-17,702.7999877929688,0.0019959557031321573,10.75,21.5
2023-04-18,720.2000122070312,0.02475814558378775,20.54998779296875,41.0999755859375
2023-04-19,716.6500244140625,-0.004929169304079717,11.54998779296875,23.0999755859375
2023-04-20,716.75,0.00013950405711526948,9.45001220703125,18.9000244140625
2023-04-21,718.3499755859375,0.002232264507760817,8.79998779296875,17.5999755859375
2023-04-24,717.7000122070312,-0.0009048004468519277,10.5999755859375,21.199951171875
2023-04-25,720.0499877929688,0.0032743145408498098,11.4000244140625,22.800048828125
2023-04-26,717.0499877929688,-0.004166377405540045,13.54998779296875,27.0999755859375
2023-04-27,714.5999755859375,-0.0034167941548569614,12.54998779296875,25.0999755859375
2023-04-28,736.75,0.030996396824531924,21.35003662109375,42.7000732421875
2023-05-02,742.5,0.0078045469969461045,14.0,28.0
2023-05-03,744.0,0.002020202020202033,13.3499755859375,26.699951171875
2023-05-04,757.5999755859375,0.018279537077872998,16.75,33.5
2023-05-05,734.8499755859375,-0.030029040038451527,32.9000244140625,65.800048828125
2023-05-08,747.8499755859375,0.017690685761585945,39.45001220703125,78.9000244140625
2023-05-09,743.3499755859375,-0.006017249644855949,27.70001220703125,55.4000244140625
2023-05-10,738.9500122070312,-0.005919100724309567,14.60003662109375,29.2000732421875
2023-05-11,740.0499877929688,0.0014885656238805556,14.9000244140625,29.800048828125
2023-05-12,726.0,-0.01898518752073719,20.20001220703125,40.4000244140625
2023-05-15,736.7000122070312,0.014738308825111845,18.5,37.0
2023-05-16,747.7999877929688,0.015067158140372294,18.9000244140625,37.800048828125
2023-05-17,745.5999755859375,-0.0029419794636855734,21.70001220703125,43.4000244140625
2023-05-18,747.3499755859375,0.0023471030811457183,16.0,32.0
2023-05-19,741.0999755859375,-0.008362882456910303,12.5,25.0
2023-05-22,760.0,0.025502665006997827,22.04998779296875,44.0999755859375
2023-05-23,774.4500122070312,0.019013173956620166,21.300048828125,42.60009765625
2023-05-24,769.5499877929688,-0.006327102249115368,16.9000244140625,33.800048828125
2023-05-25,769.5,-6.495717466270534e-05,10.5999755859375,21.199951171875
2023-05-26,771.2999877929688,0.00233916542296142,12.0,24.0
2023-05-29,775.3499755859375,0.0052508594023936705,12.9000244140625,25.800048828125
2023-05-30,777.8499755859375,0.0032243503949436203,13.5999755859375,27.199951171875
2023-05-31,771.25,-0.008484895279408988,19.0,38.0
2023-06-01,782.4500122070312,0.01452189589242292,19.95001220703125,39.9000244140625
2023-06-02,785.7000122070312,0.0041536199748184455,11.6500244140625,23.300048828125
2023-06-05,788.8499755859375,0.0040091171311784635,9.5999755859375,19.199951171875
2023-06-06,787.5999755859375,-0.0015845852046474374,17.35003662109375,34.7000732421875
2023-06-07,793.5999755859375,0.007618080479924183,12.14996337890625,24.2999267578125
2023-06-08,785.75,-0.009891602605130667,22.45001220703125,44.9000244140625
2023-06-09,784.3499755859375,-0.001781768264794814,19.5,39.0
2023-06-12,800.1500244140625,0.02014413121683578,16.25,32.5
2023-06-13,807.25,0.008873305466855053,9.0,18.0
2023-06-14,800.2999877929688,-0.008609491739896225,17.54998779296875,35.0999755859375
2023-06-15,800.7999877929688,0.0006247657223872327,15.25,30.5
2023-06-16,782.3499755859375,-0.023039476134209314,16.4000244140625,32.800048828125
2023-06-19,793.2000122070312,0.013868520431623566,24.9000244140625,49.800048828125
2023-06-20,838.5,0.05711042246069087,47.0999755859375,94.199951171875
2023-06-21,950.1500244140625,0.13315447157312166,66.75,133.5
2023-06-22,928.9500122070312,-0.022312278758404358,63.9000244140625,127.800048828125
2023-06-23,882.25,-0.0502718247412256,52.25,104.5
2023-06-26,883.9500122070312,0.0019269053069213005,34.4000244140625,68.800048828125
